mean,std
5.0633484162895925,3.2256874687787276
