term,value
m1,0.0019430962
m2,-0.4364408
m3,0.21538872
m1.2,0.23359717
m2.3,0.44528237
m1.2.3,-0.23511478
