term,value
m1,0.035888493
m2,-0.57244986
m3,-0.25137883
m4,-0.014981307
m5,-0.2164428
m1.2,-0.035917237
m2.3,0.22491156
m3.4,-0.15289465
m4.5,-0.07642092
m1.2.3,2.1010637e-06
m2.3.4,0.05977428
m3.4.5,-0.006155923
m1.2.3.4,-4.7549605e-05
m2.3.4.5,0.29861903
m1.2.3.4.5,-7.852912e-06
