term,value
m1,-0.0017100954
m2,0.031050818
m3,0.0037570987
m4,0.05838319
m5,-0.022429239
m6,0.026718263
m1.2,0.0015666513
m2.3,0.038182743
m3.4,0.012844484
m4.5,0.03285641
m5.6,0.04994718
m1.2.3,0.000118945725
m2.3.4,-0.06988189
m3.4.5,0.002933457
m4.5.6,-0.07322177
m1.2.3.4,1.9325875e-05
m2.3.4.5,-4.370697e-06
m3.4.5.6,-0.0032136263
m1.2.3.4.5,-5.858019e-07
m2.3.4.5.6,-0.00019502547
m1.2.3.4.5.6,1.28000975e-05
