term,value
m1,0.022354659
m2,-0.04156196
m3,0.019497324
m4,-0.30087274
m5,-0.12144354
m1.2,-0.0017503574
m2.3,0.032536935
m3.4,-0.044556018
m4.5,0.6207662
m1.2.3,-0.010521834
m2.3.4,0.036375195
m3.4.5,0.00083163194
m1.2.3.4,0.095687136
m2.3.4.5,-0.0151464855
m1.2.3.4.5,-0.10432778
