term,value
m1,0.035474744
m2,-0.09526392
m3,0.21677898
m4,0.38346356
m5,0.1529113
m1.2,-0.003024539
m2.3,0.14652964
m3.4,-0.25615314
m4.5,-0.14621434
m1.2.3,-0.029207474
m2.3.4,-0.031594265
m3.4.5,-0.004978664
m1.2.3.4,-0.0032350235
m2.3.4.5,-0.0016815774
m1.2.3.4.5,7.946044e-06
