mean,std
4.986666666666666,2.9406024649963918
