term,value
m1,0.02113962
m2,0.08052098
m3,-0.02955475
m4,0.10074693
m5,0.021348279
m1.2,-0.021260755
m2.3,0.08130573
m3.4,0.06549819
m4.5,-0.020903533
m1.2.3,-0.0005612485
m2.3.4,-0.151135
m3.4.5,-0.00039441697
m1.2.3.4,0.0006675124
m2.3.4.5,-7.407367e-05
m1.2.3.4.5,1.3398007e-05
