term,value
m1,-0.3115957
m2,-0.09840759
m3,-0.04806033
m4,-0.072284415
m5,-0.40320992
m6,-0.045044534
m1.2,-0.037383035
m2.3,0.00066307
m3.4,-0.0084999055
m4.5,0.16829276
m5.6,0.03461714
m1.2.3,0.034893963
m2.3.4,0.29803824
m3.4.5,0.07817828
m4.5.6,-0.087166615
m1.2.3.4,-0.4226313
m2.3.4.5,-0.39364403
m3.4.5.6,-0.03735829
m1.2.3.4.5,0.44998807
m2.3.4.5.6,-0.07639672
m1.2.3.4.5.6,0.20836413
