term,value
m1,-0.029168949
m2,0.019047149
m3,0.16793323
m4,0.030449705
m5,-0.00019875355
m6,0.005279475
m1.2,-0.10462712
m2.3,-0.05705566
m3.4,-0.022898413
m4.5,-0.034364738
m5.6,0.015211819
m1.2.3,0.14186648
m2.3.4,0.012352993
m3.4.5,0.036682244
m4.5.6,0.021758515
m1.2.3.4,-0.0060795527
m2.3.4.5,-0.003359411
m3.4.5.6,-0.040841974
m1.2.3.4.5,-0.00027917512
m2.3.4.5.6,0.008998123
m1.2.3.4.5.6,-0.00079387054
