term,value
m1,0.02608781
m2,-0.016366329
m3,0.06562051
m4,-0.34613323
m5,0.18463835
m6,0.50333166
m1.2,-0.025160667
m2.3,0.009764616
m3.4,-0.06477227
m4.5,-0.23466417
m5.6,-0.34278005
m1.2.3,0.00074445084
m2.3.4,-0.016129572
m3.4.5,0.113812126
m4.5.6,0.5980733
m1.2.3.4,0.0063625854
m2.3.4.5,-0.2784983
m3.4.5.6,-0.11266737
m1.2.3.4.5,-0.010651264
m2.3.4.5.6,0.30678567
m1.2.3.4.5.6,0.019550249
