term,value
m1,0.0019428176
m2,0.00037113577
m3,0.21538833
m1.2,0.025973268
m2.3,0.0077856053
m1.2.3,-0.027528338
