term,value
m1,-0.4440288
m2,0.113137
m3,-0.08001263
m4,-0.20294991
m5,-0.009877276
m6,-0.34980628
m1.2,0.11918513
m2.3,0.055871397
m3.4,0.14201173
m4.5,0.13036127
m5.6,0.40673006
m1.2.3,-0.0065383464
m2.3.4,0.1422931
m3.4.5,-0.12439926
m4.5.6,-0.02350163
m1.2.3.4,-0.21362594
m2.3.4.5,-0.12347455
m3.4.5.6,0.0061061718
m1.2.3.4.5,0.16180465
m2.3.4.5.6,-0.0055332594
m1.2.3.4.5.6,0.02358023
