term,value
m1,-0.015751945
m2,0.20805614
m3,0.32247373
m4,0.14110787
m1.2,-0.031592265
m2.3,-0.21480377
m3.4,-0.14014202
m1.2.3,0.047393188
m2.3.4,-0.0008908883
m1.2.3.4,1.8373132e-05
