term,value
m1,-0.006461105
m2,0.12041789
m3,0.033470877
m4,-0.0010782368
m5,0.011436157
m1.2,0.0025651641
m2.3,-0.015183298
m3.4,-0.0045865905
m4.5,0.057432875
m1.2.3,0.002521228
m2.3.4,0.011113614
m3.4.5,0.0009910986
m1.2.3.4,-0.000124529
m2.3.4.5,-0.069111824
m1.2.3.4.5,0.002043143
