term,value
m1,-0.008622982
m2,-0.056722157
m3,0.18900901
m1.2,0.049837198
m2.3,0.0473722
m1.2.3,-0.034783985
