term,value
m1,0.04219729
m2,0.08125128
m3,-0.7157379
m4,-0.061326083
m5,0.043834955
m6,-0.0340749
m1.2,-0.038861655
m2.3,-0.14713569
m3.4,0.0029143416
m4.5,0.1713237
m5.6,0.030765133
m1.2.3,-0.0028771004
m2.3.4,0.086877525
m3.4.5,-0.23223116
m4.5.6,-0.00066820346
m1.2.3.4,-0.00041511748
m2.3.4.5,3.052503e-05
m3.4.5.6,0.0040777773
m1.2.3.4.5,1.4853664e-05
m2.3.4.5.6,-1.7566606e-05
m1.2.3.4.5.6,-0.00029811263
