term,value
m1,-0.0014485061
m2,-0.58952886
m3,0.025805034
m4,-0.061275136
m5,0.021735832
m6,-0.11194197
m1.2,-0.1160932
m2.3,-0.18378165
m3.4,-0.0062039346
m4.5,0.14882898
m5.6,0.0059293658
m1.2.3,0.07151215
m2.3.4,0.15523049
m3.4.5,-0.07940242
m4.5.6,-0.119986326
m1.2.3.4,-0.07354149
m2.3.4.5,0.12610212
m3.4.5.6,0.15925074
m1.2.3.4.5,0.31044096
m2.3.4.5.6,-0.34781197
m1.2.3.4.5.6,-0.19462505
