term,value
m1,0.12017738
m2,0.077329606
m3,0.18514818
m4,0.12938884
m1.2,-0.14098045
m2.3,0.00017976761
m3.4,-0.6076131
m1.2.3,-0.015053943
m2.3.4,-0.17531152
m1.2.3.4,-0.18905824
