term,value
m1,0.0071323332
m2,-0.077691816
m3,0.20884214
m4,0.17535563
m5,0.07676259
m6,0.10106456
m1.2,-0.013453795
m2.3,0.081428334
m3.4,-0.15393825
m4.5,-0.0071768602
m5.6,-0.06820541
m1.2.3,0.0063323295
m2.3.4,-6.7308545e-05
m3.4.5,-0.019124698
m4.5.6,-0.020848747
m1.2.3.4,-2.3823231e-06
m2.3.4.5,2.187118e-05
m3.4.5.6,-0.011900772
m1.2.3.4.5,1.7378479e-06
m2.3.4.5.6,-5.1838346e-05
m1.2.3.4.5.6,3.5664067e-05
